<?xml version="1.0" encoding="UTF-8"?>
<beans xmlns="http://www.springframework.org/schema/beans"
	xmlns:xsi="http://www.w3.org/2001/XMLSchema-instance"
	xmlns:aop="http://www.springframework.org/schema/aop"
	xmlns:context="http://www.springframework.org/schema/context"
	xmlns:tx="http://www.springframework.org/schema/tx"
	xsi:schemaLocation="http://www.springframework.org/schema/beans http://www.springframework.org/schema/beans/spring-beans.xsd
		http://www.springframework.org/schema/aop http://www.springframework.org/schema/aop/spring-aop-4.3.xsd
		http://www.springframework.org/schema/context http://www.springframework.org/schema/context/spring-context-4.3.xsd
		http://www.springframework.org/schema/tx http://www.springframework.org/schema/tx/spring-tx-4.3.xsd">

	<context:property-placeholder
		location="classpath:properties/jdbc.properties"/>

	<bean id="dataSource" class="org.apache.commons.dbcp.BasicDataSource"
		destroy-method="close">
		<property name="driverClassName" value="${jdbc.driverClassName}"/>
		<property name="url" value="${jdbc.url}"/>
		<property name="username" value="${jdbc.username}"/>
		<property name="password" value="${jdbc.password}"/>
		<property name="initialSize" value="${jdbc.initialSize}"/>
	</bean>

	<bean id="sqlSessionFactory" 
		class="org.mybatis.spring.SqlSessionFactoryBean">
		<property name="dataSource" ref="dataSource"/>
		<property name="configLocation" 
			value="classpath:/config/mybatis-config.xml"/>
		<property name="mapperLocations" value="classpath:/mappers/*.xml"/>
	</bean>

	<bean id="sqlSession" class="org.mybatis.spring.SqlSessionTemplate">
		<constructor-arg index="0" ref="sqlSessionFactory"/>
<!-- BATCH타입으로 수행되게 될경우 더이상 단건 조회 처리결과값을 리턴으로 받아서 쓸 수 없다(10.19 6시 17분)-->		
		<constructor-arg index="1" value="BATCH"/>
<!-- SIMPLE타입으로 수행되게 될경우 더이상 단건 조회 결과로 받아쓸수있는데 이게 무의미함 좀 안씀 BATCH 검색해봐 -->				
<!-- 		<constructor-arg index="1" value="SIMPLE"/> -->
	</bean>
	
	<!-- 트랜잭션 매니저를 POJO(PLAIN OLD JAVA OBJECT)로 생성 -->
	<bean id="transactionManager"
	class="org.springframework.jdbc.datasource.DataSourceTransactionManager">
		<property name="dataSource" ref="dataSource"></property>
	</bean>

</beans>
