<?xml version="1.0" encoding="UTF-8"?>
<beans xmlns="http://www.springframework.org/schema/beans"
	xmlns:xsi="http://www.w3.org/2001/XMLSchema-instance"
	xmlns:context="http://www.springframework.org/schema/context"
	xmlns:mvc="http://www.springframework.org/schema/mvc"
	xsi:schemaLocation="http://www.springframework.org/schema/beans
	 http://www.springframework.org/schema/beans/spring-beans.xsd
		http://www.springframework.org/schema/context
		 http://www.springframework.org/schema/context/spring-context-4.3.xsd
		http://www.springframework.org/schema/mvc
		 http://www.springframework.org/schema/mvc/spring-mvc-4.3.xsd">

	<context:component-scan base-package="com.edu"/>

	<mvc:annotation-driven/>


	<mvc:resources location="/WEB-INF/resources" 
		mapping="/resources/**"/>
		
	<bean id="multipartResolver" 
	class="org.springframework.web.multipart.commons.CommonsMultipartResolver">
		<property name="maxUploadSize" value="104857600"></property>
		<property name="defaultEncoding" value="UTF-8"></property>
	</bean>

	<!-- webapp이 ContextPath임 그 앞뒤로 접두 접미가 붙는다 -->
	<bean id="viewResolver" 
	class="org.springframework.web.servlet.view.InternalResourceViewResolver">
		<property name="prefix" value="/WEB-INF/views/"/>
		<property name="suffix" value=".jsp"/>
	</bean>

</beans>
